From,To
01-Apr-2008,30-Apr-2008
01-May-2008,31-May-2008
01-Jun-2008,30-Jun-2008
01-Jul-2008,31-Jul-2008
01-Aug-2008,31-Aug-2008
01-Sep-2008,30-Sep-2008
01-Oct-2008,31-Oct-2008
01-Nov-2008,30-Nov-2008
01-Dec-2008,31-Dec-2008
01-Jan-2009,31-Jan-2009
01-Feb-2009,28-Feb-2009
01-Mar-2009,31-Mar-2009
01-Apr-2009,30-Apr-2009
01-May-2009,31-May-2009
01-Jun-2009,30-Jun-2009
01-Jul-2009,31-Jul-2009
01-Aug-2009,31-Aug-2009
01-Sep-2009,30-Sep-2009
01-Oct-2009,31-Oct-2009
01-Nov-2009,30-Nov-2009
01-Dec-2009,31-Dec-2009
01-Jan-2010,31-Jan-2010
01-Feb-2010,28-Feb-2010
01-Mar-2010,31-Mar-2010
01-Apr-2010,30-Apr-2010
01-May-2010,31-May-2010
01-Jun-2010,30-Jun-2010
01-Jul-2010,31-Jul-2010
01-Aug-2010,31-Aug-2010
01-Sep-2010,30-Sep-2010
01-Oct-2010,31-Oct-2010
01-Nov-2010,30-Nov-2010
01-Dec-2010,31-Dec-2010
01-Jan-2011,31-Jan-2011
01-Feb-2011,28-Feb-2011
01-Mar-2011,31-Mar-2011
01-Apr-2011,30-Apr-2011
01-May-2011,31-May-2011
01-Jun-2011,30-Jun-2011
01-Jul-2011,31-Jul-2011
01-Aug-2011,31-Aug-2011
01-Sep-2011,30-Sep-2011
01-Oct-2011,31-Oct-2011
01-Nov-2011,30-Nov-2011
01-Dec-2011,31-Dec-2011
01-Jan-2012,31-Jan-2012
01-Feb-2012,29-Feb-2012
01-Mar-2012,31-Mar-2012
01-Apr-2012,30-Apr-2012
01-May-2012,31-May-2012
01-Jun-2012,30-Jun-2012
01-Jul-2012,31-Jul-2012
01-Aug-2012,31-Aug-2012
01-Sep-2012,30-Sep-2012
01-Oct-2012,31-Oct-2012
01-Nov-2012,30-Nov-2012
01-Dec-2012,31-Dec-2012
01-Jan-2013,31-Jan-2013
01-Feb-2013,28-Feb-2013
01-Mar-2013,31-Mar-2013
01-Apr-2013,30-Apr-2013
01-May-2013,31-May-2013
01-Jun-2013,30-Jun-2013
01-Jul-2013,31-Jul-2013
01-Aug-2013,31-Aug-2013
01-Sep-2013,30-Sep-2013
01-Oct-2013,31-Oct-2013
01-Nov-2013,30-Nov-2013
01-Dec-2013,31-Dec-2013
01-Jan-2014,31-Jan-2014
01-Feb-2014,28-Feb-2014
01-Mar-2014,31-Mar-2014
01-Apr-2014,30-Apr-2014
01-May-2014,31-May-2014
01-Jun-2014,30-Jun-2014
01-Jul-2014,31-Jul-2014
01-Aug-2014,31-Aug-2014
01-Sep-2014,30-Sep-2014
01-Oct-2014,31-Oct-2014
01-Nov-2014,30-Nov-2014
01-Dec-2014,31-Dec-2014
01-Jan-2015,31-Jan-2015
01-Feb-2015,28-Feb-2015
01-Mar-2015,31-Mar-2015
01-Apr-2015,30-Apr-2015
01-May-2015,31-May-2015
01-Jun-2015,30-Jun-2015
01-Jul-2015,31-Jul-2015
01-Aug-2015,31-Aug-2015
01-Sep-2015,30-Sep-2015
01-Oct-2015,31-Oct-2015
01-Nov-2015,30-Nov-2015
01-Dec-2015,31-Dec-2015
01-Jan-2016,31-Jan-2016
01-Feb-2016,29-Feb-2016
01-Mar-2016,31-Mar-2016
01-Apr-2016,30-Apr-2016
01-May-2016,31-May-2016
01-Jun-2016,30-Jun-2016
01-Jul-2016,31-Jul-2016
01-Aug-2016,31-Aug-2016
01-Sep-2016,30-Sep-2016
01-Oct-2016,31-Oct-2016
01-Nov-2016,30-Nov-2016
01-Dec-2016,31-Dec-2016
01-Jan-2017,31-Jan-2017
01-Feb-2017,28-Feb-2017
01-Mar-2017,31-Mar-2017
01-Apr-2017,30-Apr-2017
01-May-2017,31-May-2017
01-Jun-2017,30-Jun-2017
01-Jul-2017,31-Jul-2017
01-Aug-2017,31-Aug-2017
01-Sep-2017,30-Sep-2017
01-Oct-2017,31-Oct-2017
01-Nov-2017,30-Nov-2017
01-Dec-2017,31-Dec-2017
01-Jan-2018,31-Jan-2018
01-Feb-2018,28-Feb-2018
01-Mar-2018,31-Mar-2018
01-Apr-2018,30-Apr-2018
01-May-2018,31-May-2018
01-Jun-2018,30-Jun-2018
01-Jul-2018,31-Jul-2018
01-Aug-2018,31-Aug-2018
01-Sep-2018,30-Sep-2018
01-Oct-2018,31-Oct-2018
01-Nov-2018,30-Nov-2018
01-Dec-2018,31-Dec-2018
01-Jan-2019,31-Jan-2019
01-Feb-2019,28-Feb-2019
01-Mar-2019,31-Mar-2019
01-Apr-2019,30-Apr-2019
01-May-2019,31-May-2019
01-Jun-2019,30-Jun-2019
01-Jul-2019,31-Jul-2019
01-Aug-2019,31-Aug-2019
01-Sep-2019,30-Sep-2019
01-Oct-2019,31-Oct-2019
01-Nov-2019,30-Nov-2019
01-Dec-2019,31-Dec-2019
01-Jan-2020,31-Jan-2020
01-Feb-2020,29-Feb-2020
01-Mar-2020,31-Mar-2020
01-Apr-2020,30-Apr-2020
01-May-2020,31-May-2020
01-Jun-2020,30-Jun-2020
01-Jul-2020,31-Jul-2020
01-Aug-2020,31-Aug-2020
01-Sep-2020,30-Sep-2020
01-Oct-2020,31-Oct-2020
01-Nov-2020,30-Nov-2020
01-Dec-2020,31-Dec-2020
01-Jan-2021,31-Jan-2021
01-Feb-2021,28-Feb-2021
01-Mar-2021,31-Mar-2021
01-Apr-2021,30-Apr-2021
01-May-2021,31-May-2021
01-Jun-2021,30-Jun-2021
01-Jul-2021,31-Jul-2021
01-Aug-2021,31-Aug-2021
01-Sep-2021,30-Sep-2021
01-Oct-2021,31-Oct-2021
01-Nov-2021,30-Nov-2021
01-Dec-2021,31-Dec-2021
01-Jan-2022,31-Jan-2022
01-Feb-2022,28-Feb-2022
01-Mar-2022,31-Mar-2022
01-Apr-2022,30-Apr-2022
01-May-2022,31-May-2022
01-Jun-2022,30-Jun-2022
01-Jul-2022,31-Jul-2022
01-Aug-2022,31-Aug-2022
01-Sep-2022,30-Sep-2022
01-Oct-2022,31-Oct-2022
01-Nov-2022,30-Nov-2022
01-Dec-2022,31-Dec-2022
01-Jan-2023,31-Jan-2023
01-Feb-2023,28-Feb-2023
01-Mar-2023,31-Mar-2023
01-Apr-2023,30-Apr-2023
01-May-2023,31-May-2023
01-Jun-2023,30-Jun-2023
01-Jul-2023,31-Jul-2023
01-Aug-2023,31-Aug-2023
01-Sep-2023,30-Sep-2023
01-Oct-2023,31-Oct-2023
01-Nov-2023,30-Nov-2023
01-Dec-2023,31-Dec-2023
01-Jan-2024,31-Jan-2024
01-Feb-2024,29-Feb-2024
01-Mar-2024,31-Mar-2024
01-Apr-2024,30-Apr-2024
01-May-2024,31-May-2024
01-Jun-2024,30-Jun-2024
01-Jul-2024,31-Jul-2024
01-Aug-2024,31-Aug-2024
01-Sep-2024,30-Sep-2024
01-Oct-2024,31-Oct-2024
01-Nov-2024,30-Nov-2024
01-Dec-2024,31-Dec-2024
01-Jan-2025,31-Jan-2025
01-Feb-2025,28-Feb-2025
01-Mar-2025,31-Mar-2025